Timestamp,Subject,CatalogNumber,Section,Status,CourseId
2025-12-21 00:38:10,COMP SCI,577,60035,WAITLISTED,004289
2025-12-21 21:46:12,COMP SCI,577,60035,WAITLISTED,004289
2025-12-21 21:46:32,COMP SCI,577,60035,WAITLISTED,004289
2025-12-21 21:46:52,COMP SCI,577,60035,WAITLISTED,004289
2025-12-21 21:48:42,COMP SCI,577,60035,WAITLISTED,004289
2025-12-21 21:48:42,COMP SCI,577,60035,WAITLISTED,004289
2025-12-21 21:48:46,COMP SCI,577,60035,WAITLISTED,004289
2025-12-21 21:48:46,COMP SCI,577,60035,WAITLISTED,004289
2025-12-22 23:24:07,COMP SCI,577,60035,WAITLISTED,004289
2025-12-24 20:13:07,COMP SCI,577,60035,WAITLISTED,004289
2025-12-24 20:14:07,COMP SCI,577,60035,WAITLISTED,004289
2025-12-25 22:26:22,COMP SCI,577,60035,WAITLISTED,004289
2025-12-26 00:03:41,COMP SCI,577,60035,WAITLISTED,004289
2025-12-26 23:26:11,COMP SCI,577,60035,WAITLISTED,004289
2025-12-26 23:27:11,COMP SCI,577,60035,WAITLISTED,004289
